_id,account,created_at,deleted_at,enable,name,password,updated_at
6425921f3343f90148c55ae1,13asf,2023-03-30T21:43:59+08:00,2023-03-31T00:23:34+08:00,true,asdf,asdf,
6425923e3343f90148c55ae2,13asf,2023-03-30T21:44:30+08:00,2023-03-31T00:23:26+08:00,true,asdf,asdf,
642592573343f90148c55ae3,13asf,2023-03-30T21:44:55+08:00,2023-03-31T00:23:50+08:00,true,asdf,asdf,
6425927a3343f90148c55ae4,123123,2023-03-30T21:45:30+08:00,2023-03-31T00:23:51+08:00,true,张三,123456,
642592803343f90148c55ae5,13asf,2023-03-30T21:45:36+08:00,2023-03-31T00:26:01+08:00,true,asdf,asdf,
6425928c32ef4c76b8d9e93c,13asf,2023-03-30T21:45:48+08:00,2023-03-31T00:26:02+08:00,true,asdf,asdf,
642592d132ef4c76b8d9e93d,123123,2023-03-31T00:57:46+08:00,2023-03-31T10:01:09+08:00,true,张三,123456,
6425931932ef4c76b8d9e93e,1234,2023-03-31T11:29:33+08:00,,true,李四,123456,2023-04-01T19:48:27+08:00
6425a043a2eecfe7751e0011,dfads,2023-03-30T22:44:19+08:00,2023-03-31T00:26:07+08:00,true,王五,123456,
6425ba204bb57ad21e1651d0,123456,2023-03-31T11:29:30+08:00,,true,阿大,123456,
6425ba4a4bb57ad21e1651d1,asfasfas,2023-03-31T00:35:22+08:00,2023-03-31T00:41:28+08:00,true,asdfasdf,asdfasdfafasdf,
6425bb014bb57ad21e1651d2,adfasdfsad,2023-03-31T00:38:25+08:00,2023-03-31T00:41:26+08:00,true,fasdfasdfa,dsfasfdafadsfadsf,
6425bb0768734f7225610d7f,adfasdfsad,2023-03-31T00:38:31+08:00,2023-03-31T00:41:25+08:00,true,fasdfasdfa,dsfasfdafadsfadsf,
6425bb3434e8251b6e1787b3,adfasdfsad,2023-03-31T00:39:16+08:00,2023-03-31T00:41:23+08:00,true,fasdfasdfa,dsfasfdafadsfadsf,
6425bb8834e8251b6e1787b4,adfasdfsad,2023-03-31T00:40:40+08:00,2023-03-31T00:41:22+08:00,true,fasdfasdfa,dsfasfdafadsfadsf,
6425bb9134e8251b6e1787b5,adfasdfsad,2023-03-31T00:40:49+08:00,2023-03-31T00:41:21+08:00,true,fasdfasdfa,dsfasfdafadsfadsf,
6425bb9134e8251b6e1787b6,adfasdfsad,2023-03-31T00:40:49+08:00,2023-03-31T00:41:19+08:00,true,fasdfasdfa,dsfasfdafadsfadsf,
6425bb9234e8251b6e1787b7,adfasdfsad,2023-03-31T00:40:50+08:00,2023-03-31T00:41:18+08:00,true,fasdfasdfa,dsfasfdafadsfadsf,
6425bba034e8251b6e1787b8,adfasdfsad,2023-03-31T00:41:04+08:00,2023-03-31T00:41:16+08:00,true,fasdfasdfa,dsfasfdafadsfadsf,
6425bbc334e8251b6e1787b9,asfasdfas,2023-03-31T00:41:39+08:00,2023-03-31T00:42:04+08:00,true,fasdfasdf,asdfasdfasdf,
6425bbcf34e8251b6e1787ba,asfasdfas,2023-03-31T00:41:51+08:00,2023-03-31T00:42:06+08:00,true,fasdfasdf,asdfasdfasdf,
6425bbcf34e8251b6e1787bb,asfasdfas,2023-03-31T00:41:51+08:00,2023-03-31T00:42:07+08:00,true,fasdfasdf,asdfasdfasdf,
6425bbe434e8251b6e1787bc,asfasdfasd,2023-03-31T00:42:12+08:00,2023-03-31T00:42:46+08:00,true,asdfasdf,asdfasdfasdf,
6425bbe534e8251b6e1787bd,asfasdfasd,2023-03-31T00:42:13+08:00,2023-03-31T00:42:45+08:00,true,asdfasdf,asdfasdfasdf,
6425bbe534e8251b6e1787be,asfasdfasd,2023-03-31T00:42:13+08:00,2023-03-31T00:42:43+08:00,true,asdfasdf,asdfasdfasdf,
6425bbe534e8251b6e1787bf,asfasdfasd,2023-03-31T00:42:13+08:00,2023-03-31T00:42:42+08:00,true,asdfasdf,asdfasdfasdf,
6425bbe634e8251b6e1787c0,asfasdfasd,2023-03-31T00:42:14+08:00,2023-03-31T00:42:41+08:00,true,asdfasdf,asdfasdfasdf,
6425bbe634e8251b6e1787c1,asfasdfasd,2023-03-31T00:42:14+08:00,2023-03-31T00:42:39+08:00,true,asdfasdf,asdfasdfasdf,
6425bbe634e8251b6e1787c2,asfasdfasd,2023-03-31T00:42:14+08:00,2023-03-31T00:42:38+08:00,true,asdfasdf,asdfasdfasdf,
6425bbe634e8251b6e1787c3,asfasdfasd,2023-03-31T00:42:14+08:00,2023-03-31T00:42:37+08:00,true,asdfasdf,asdfasdfasdf,
6425bbf934e8251b6e1787c4,asfadfa,2023-03-31T11:29:43+08:00,,false,阿二,asdfasdfasdf,
6425bc0d34e8251b6e1787c5,1,2023-03-31T11:29:48+08:00,,true,张三,1111,
6425bc1334e8251b6e1787c6,2,2023-03-31T11:30:03+08:00,,false,王五,2222222222,
64264814e2a9ca12abe2df64,123123,2023-03-31T11:30:09+08:00,,true,赵六,12213123123,